{"cameraMode":{"drawMode":0,"name":"Shaded","section":"Shading Mode"},"sceneLighting":true,"audioPlay":false,"sceneViewState":{"showFog":true,"showMaterialUpdate":false,"showSkybox":true,"showFlares":true,"showImageEffects":true,"showParticleSystems":true},"in2DMode":false,"pivot":{"x":8.967357635498047,"y":5.677152156829834,"z":7.192929744720459},"rotation":{"x":-0.0383114255964756,"y":-0.7920909523963928,"z":0.04996076598763466,"w":-0.6071664690971375},"size":4.994302272796631,"orthographic":true}