{"cameraMode":{"drawMode":0,"name":"Shaded","section":"Shading Mode"},"sceneLighting":true,"audioPlay":false,"sceneViewState":{"showFog":true,"showMaterialUpdate":false,"showSkybox":true,"showFlares":true,"showImageEffects":true,"showParticleSystems":true},"in2DMode":false,"pivot":{"x":-1.9961581230163575,"y":4.549368858337402,"z":2.036581039428711},"rotation":{"x":-0.06723987311124802,"y":-0.8884859085083008,"z":0.1380920261144638,"w":-0.4324786365032196},"size":8.909440994262696,"orthographic":true}