{"cameraMode":{"drawMode":0,"name":"Shaded","section":"Shading Mode"},"sceneLighting":true,"audioPlay":false,"sceneViewState":{"showFog":true,"showMaterialUpdate":false,"showSkybox":true,"showFlares":true,"showImageEffects":true,"showParticleSystems":true},"in2DMode":false,"pivot":{"x":3.919145345687866,"y":4.919024467468262,"z":3.3086302280426027},"rotation":{"x":0.11479046195745468,"y":-0.8586519360542297,"z":0.21971304714679719,"w":0.44866326451301577},"size":8.909440994262696,"orthographic":true}