{"cameraMode":{"drawMode":0,"name":"Shaded","section":"Shading Mode"},"sceneLighting":true,"audioPlay":false,"sceneViewState":{"showFog":true,"showMaterialUpdate":false,"showSkybox":true,"showFlares":true,"showImageEffects":true,"showParticleSystems":true},"in2DMode":false,"pivot":{"x":2.8229713439941408,"y":3.2645397186279299,"z":-0.49976158142089846},"rotation":{"x":-0.07761313766241074,"y":0.8935220837593079,"z":-0.169812873005867,"w":-0.40838170051574709},"size":10.0,"orthographic":false}